{
  "meses_reais": {},
  "cron_orc": {
    "12": {
      "cpv": -670739.7159719694,
      "desp_op": 0.0
    },
    "13": {
      "cpv": -673905.8170379829,
      "desp_op": 0.0
    },
    "14": {
      "cpv": -409504.62080542784,
      "desp_op": 0.0
    },
    "15": {
      "cpv": -375667.1084779436,
      "desp_op": 0.0
    },
    "16": {
      "cpv": -399112.1957965207,
      "desp_op": 0.0
    },
    "17": {
      "cpv": -324989.34021060873,
      "desp_op": 0.0
    },
    "18": {
      "cpv": -453566.55627051723,
      "desp_op": 0.0
    },
    "19": {
      "cpv": -817395.5364007406,
      "desp_op": 0.0
    },
    "20": {
      "cpv": -602916.6894671783,
      "desp_op": 0.0
    },
    "21": {
      "cpv": -588840.4536166737,
      "desp_op": 0.0
    },
    "22": {
      "cpv": -584247.1455933838,
      "desp_op": 0.0
    },
    "23": {
      "cpv": -865515.5532264006,
      "desp_op": 0.0
    },
    "24": {
      "cpv": -791680.5970026982,
      "desp_op": 0.0
    },
    "25": {
      "cpv": -760464.3606824997,
      "desp_op": 0.0
    },
    "26": {
      "cpv": -855204.3041962971,
      "desp_op": 0.0
    },
    "27": {
      "cpv": -891561.0621615811,
      "desp_op": 0.0
    },
    "28": {
      "cpv": -834377.3360035707,
      "desp_op": 0.0
    },
    "29": {
      "cpv": -841905.0102186315,
      "desp_op": 0.0
    },
    "30": {
      "cpv": -742619.5142767307,
      "desp_op": 0.0
    },
    "31": {
      "cpv": -833547.3639273281,
      "desp_op": 0.0
    },
    "32": {
      "cpv": -770525.3727665192,
      "desp_op": 0.0
    },
    "33": {
      "cpv": -842759.504755999,
      "desp_op": 0.0
    },
    "34": {
      "cpv": -894899.7515684863,
      "desp_op": 0.0
    },
    "35": {
      "cpv": -1244322.1387924328,
      "desp_op": 0.0
    },
    "36": {
      "cpv": -856524.7318498425,
      "desp_op": 0.0
    },
    "37": {
      "cpv": -632658.027654695,
      "desp_op": 0.0
    },
    "38": {
      "cpv": -675356.7516816198,
      "desp_op": 0.0
    },
    "39": {
      "cpv": -713472.4683807022,
      "desp_op": 0.0
    },
    "40": {
      "cpv": -815763.1167023587,
      "desp_op": 0.0
    },
    "41": {
      "cpv": -702435.7854572214,
      "desp_op": 0.0
    },
    "42": {
      "cpv": -367639.9567082023,
      "desp_op": 0.0
    },
    "43": {
      "cpv": -1126101.3168533149,
      "desp_op": 0.0
    },
    "44": {
      "cpv": -282322.8280710857,
      "desp_op": 0.0
    },
    "45": {
      "cpv": -124670.42038615298,
      "desp_op": 0.0
    }
  },
  "vgv": {
    "1": {
      "unidades": 0.0,
      "preco": 350000.0
    },
    "2": {
      "unidades": 0.0,
      "preco": 350000.0
    },
    "3": {
      "unidades": 0.0,
      "preco": 350000.0
    },
    "4": {
      "unidades": 0.0,
      "preco": 350000.0
    },
    "5": {
      "unidades": 0.0,
      "preco": 350000.0
    },
    "6": {
      "unidades": 0.0,
      "preco": 350000.0
    },
    "7": {
      "unidades": 0.0,
      "preco": 350000.0
    },
    "8": {
      "unidades": 0.0,
      "preco": 350000.0
    },
    "9": {
      "unidades": 0.0,
      "preco": 350000.0
    },
    "10": {
      "unidades": 0.0,
      "preco": 350000.0
    },
    "11": {
      "unidades": 0.0,
      "preco": 350000.0
    },
    "12": {
      "unidades": 0.0,
      "preco": 350000.0
    },
    "13": {
      "unidades": 0.0,
      "preco": 350000.0
    },
    "14": {
      "unidades": 0.0,
      "preco": 350000.0
    },
    "15": {
      "unidades": 0.0,
      "preco": 350000.0
    },
    "16": {
      "unidades": 0.0,
      "preco": 350000.0
    },
    "17": {
      "unidades": 0.0,
      "preco": 350000.0
    },
    "18": {
      "unidades": 0.0,
      "preco": 350000.0
    },
    "19": {
      "unidades": 0.0,
      "preco": 350000.0
    },
    "20": {
      "unidades": 0.0,
      "preco": 350000.0
    },
    "21": {
      "unidades": 0.0,
      "preco": 350000.0
    },
    "22": {
      "unidades": 0.0,
      "preco": 350000.0
    },
    "23": {
      "unidades": 0.0,
      "preco": 350000.0
    },
    "24": {
      "unidades": 0.0,
      "preco": 350000.0
    },
    "25": {
      "unidades": 0.0,
      "preco": 350000.0
    },
    "26": {
      "unidades": 0.0,
      "preco": 350000.0
    },
    "27": {
      "unidades": 0.0,
      "preco": 350000.0
    },
    "28": {
      "unidades": 0.0,
      "preco": 350000.0
    },
    "29": {
      "unidades": 0.0,
      "preco": 350000.0
    },
    "30": {
      "unidades": 0.0,
      "preco": 350000.0
    },
    "31": {
      "unidades": 0.0,
      "preco": 350000.0
    },
    "32": {
      "unidades": 0.0,
      "preco": 350000.0
    },
    "33": {
      "unidades": 0.0,
      "preco": 350000.0
    },
    "34": {
      "unidades": 0.0,
      "preco": 350000.0
    },
    "35": {
      "unidades": 0.0,
      "preco": 350000.0
    },
    "36": {
      "unidades": 0.0,
      "preco": 350000.0
    },
    "37": {
      "unidades": 0.0,
      "preco": 350000.0
    },
    "38": {
      "unidades": 0.0,
      "preco": 350000.0
    },
    "39": {
      "unidades": 0.0,
      "preco": 350000.0
    },
    "40": {
      "unidades": 0.0,
      "preco": 350000.0
    },
    "41": {
      "unidades": 0.0,
      "preco": 350000.0
    },
    "42": {
      "unidades": 0.0,
      "preco": 350000.0
    },
    "43": {
      "unidades": 0.0,
      "preco": 350000.0
    },
    "44": {
      "unidades": 0.0,
      "preco": 350000.0
    },
    "45": {
      "unidades": 0.0,
      "preco": 350000.0
    },
    "46": {
      "unidades": 0.0,
      "preco": 350000.0
    },
    "47": {
      "unidades": 0.0,
      "preco": 350000.0
    },
    "48": {
      "unidades": 0.0,
      "preco": 350000.0
    }
  },
  "poc_acum": [
    8,
    17,
    26,
    35,
    44,
    53,
    62,
    71,
    80,
    100,
    100,
    100,
    100,
    100,
    100,
    100,
    100,
    100,
    100,
    100,
    100,
    100,
    100,
    100,
    100,
    100,
    100,
    100,
    100,
    100,
    100,
    100,
    100,
    100,
    100,
    100,
    100,
    100,
    100,
    100,
    100,
    100,
    100,
    100,
    100,
    100,
    100,
    100
  ],
  "bdi_rate": 14.0,
  "bdi_mensal": [
    14.0,
    14.0,
    14.0,
    14.0,
    14.0,
    14.0,
    14.0,
    14.0,
    14.0,
    14.0,
    14.0,
    14.0,
    14.0,
    14.0,
    14.0,
    14.0,
    14.0,
    14.0,
    14.0,
    14.0,
    14.0,
    14.0,
    14.0,
    14.0,
    14.0,
    14.0,
    14.0,
    14.0,
    14.0,
    14.0,
    14.0,
    14.0,
    14.0,
    14.0,
    14.0,
    14.0,
    14.0,
    14.0,
    14.0,
    14.0,
    14.0,
    14.0,
    14.0,
    14.0,
    14.0,
    14.0,
    14.0,
    14.0
  ],
  "cub_mensal": 0.5,
  "pct_entrada": 7.0,
  "parcela_un": 1500.0,
  "mes_entrega": 12,
  "g_custos": 10.0,
  "data_inicio": {
    "ano": 2024,
    "mes": 9
  },
  "data_fim": {
    "mes": 8,
    "ano": 2026
  },
  "cronograma": {
    "obra_nome": "89 - BROCKS - RESIDENCIAL MARTA DARELA",
    "data_inicio": {
      "mes": 7,
      "ano": 2024
    },
    "data_fim": {
      "mes": 8,
      "ano": 2026
    },
    "total_obra": 11304425.19,
    "meses": [
      {
        "mes": 7,
        "ano": 2024
      },
      {
        "mes": 8,
        "ano": 2024
      },
      {
        "mes": 9,
        "ano": 2024
      },
      {
        "mes": 10,
        "ano": 2024
      },
      {
        "mes": 11,
        "ano": 2024
      },
      {
        "mes": 12,
        "ano": 2024
      },
      {
        "mes": 1,
        "ano": 2025
      },
      {
        "mes": 2,
        "ano": 2025
      },
      {
        "mes": 3,
        "ano": 2025
      },
      {
        "mes": 4,
        "ano": 2025
      },
      {
        "mes": 5,
        "ano": 2025
      },
      {
        "mes": 6,
        "ano": 2025
      },
      {
        "mes": 7,
        "ano": 2025
      },
      {
        "mes": 8,
        "ano": 2025
      },
      {
        "mes": 9,
        "ano": 2025
      },
      {
        "mes": 10,